<?xml version="1.0" encoding="utf-8"?>
<annotation>
   <folder>CNNData</folder>
   <filename>107.jpg</filename>
   <source>
      <database/>
      <annotation/>
      <image/>
      <flickerid/>
   </source>
   <owner>
      <flickerid/>
      <name>Saadia K. Gabriel</name>
   </owner>
   <size>
      <width>600</width>
      <height>600</height>
      <depth>3</depth>
   </size>
   <segmented>0</segmented>
   <object>
      <name>roost</name>
      <pose>Unspecified</pose>
      <truncated>0</truncated>
      <difficult>0</difficult>
      <bndbox>
         <xmin>375</xmin>
         <ymin>197</ymin>
         <xmax>387</xmax>
         <ymax>209</ymax>
      </bndbox>
   </object>
</annotation>