sequence_id,station,year,month,day,hour,minute,second,minute_from_sunrise,r
1469,KDOX,2011,08,29,09,56,42,-31,2833
1469,KDOX,2011,08,29,10,06,23,-22,7811
1469,KDOX,2011,08,29,10,16,03,-12,13615
1469,KDOX,2011,08,29,10,25,43,-2,20330
1469,KDOX,2011,08,29,10,35,23,7,29169
1469,KDOX,2011,08,29,10,45,02,17,32339
1469,KDOX,2011,08,29,10,54,43,27,37826
1470,KDOX,2011,08,29,10,06,23,-22,1889
1470,KDOX,2011,08,29,10,16,03,-12,3586
1470,KDOX,2011,08,29,10,25,43,-2,7989
1470,KDOX,2011,08,29,10,35,23,7,12523
1470,KDOX,2011,08,29,10,45,02,17,16361
1470,KDOX,2011,08,29,10,54,43,27,20656
1471,KDOX,2011,08,29,10,06,23,-22,6760
1471,KDOX,2011,08,29,10,16,03,-12,9726
1471,KDOX,2011,08,29,10,25,43,-2,17653
1472,KDOX,2011,08,29,10,06,23,-22,3665
1472,KDOX,2011,08,29,10,16,03,-12,8277
1472,KDOX,2011,08,29,10,25,43,-2,13751
1472,KDOX,2011,08,29,10,35,23,7,17352
1472,KDOX,2011,08,29,10,45,02,17,21271
1472,KDOX,2011,08,29,10,54,43,27,26186
1473,KDOX,2011,08,29,10,06,23,-22,2681
1473,KDOX,2011,08,29,10,16,03,-12,6886
1473,KDOX,2011,08,29,10,25,43,-2,10506
1474,KDOX,2011,08,29,10,16,03,-12,3519
1474,KDOX,2011,08,29,10,25,43,-2,6506
1474,KDOX,2011,08,29,10,35,23,7,9852
5342,KDOX,2011,09,01,09,49,16,-42,5002
5342,KDOX,2011,09,01,09,58,57,-32,7934
5342,KDOX,2011,09,01,10,08,37,-22,11990
5342,KDOX,2011,09,01,10,18,18,-13,15187
5342,KDOX,2011,09,01,10,27,58,-3,21720
5342,KDOX,2011,09,01,10,37,39,7,28124
5342,KDOX,2011,09,01,10,47,20,16,32984
5342,KDOX,2011,09,01,10,57,01,26,40247
5342,KDOX,2011,09,01,11,06,42,36,46619
5343,KDOX,2011,09,02,10,10,11,-22,3505
5343,KDOX,2011,09,02,10,15,56,-16,6135
5343,KDOX,2011,09,02,10,21,42,-10,9421
5343,KDOX,2011,09,02,10,27,27,-5,11643
5343,KDOX,2011,09,02,10,33,12,1,14724
5343,KDOX,2011,09,02,10,38,57,7,18386
5344,KDOX,2011,09,02,09,47,11,-45,1975
5344,KDOX,2011,09,02,09,52,56,-39,4085
5344,KDOX,2011,09,02,09,58,41,-33,5246
5344,KDOX,2011,09,02,10,04,26,-28,10563
5344,KDOX,2011,09,02,10,10,11,-22,13201
5344,KDOX,2011,09,02,10,15,56,-16,16295
5344,KDOX,2011,09,02,10,21,42,-10,18500
5344,KDOX,2011,09,02,10,27,27,-5,25259
5344,KDOX,2011,09,02,10,33,12,1,33830
5345,KDOX,2011,09,02,09,58,41,-33,3350
5345,KDOX,2011,09,02,10,04,26,-28,6111
5345,KDOX,2011,09,02,10,10,11,-22,8722
5345,KDOX,2011,09,02,10,15,56,-16,11937
5345,KDOX,2011,09,02,10,21,42,-10,15215
5345,KDOX,2011,09,02,10,27,27,-5,18605
5345,KDOX,2011,09,02,10,33,12,1,23644
5346,KDOX,2011,09,02,10,21,42,-10,3434
5346,KDOX,2011,09,02,10,27,27,-5,6744
5346,KDOX,2011,09,02,10,33,12,1,9494
5346,KDOX,2011,09,02,10,38,57,7,11601
5346,KDOX,2011,09,02,10,44,42,13,14622
5346,KDOX,2011,09,02,10,50,27,18,17635
5346,KDOX,2011,09,02,10,56,13,24,19644
5346,KDOX,2011,09,02,11,01,58,30,22332
5347,KDOX,2011,09,05,09,58,45,-35,1823
5347,KDOX,2011,09,05,10,04,29,-30,5168
5347,KDOX,2011,09,05,10,10,13,-24,7320
5347,KDOX,2011,09,05,10,15,58,-18,12200
5348,KDOX,2011,09,05,10,10,13,-24,2976
5348,KDOX,2011,09,05,10,15,58,-18,5974
5348,KDOX,2011,09,05,10,21,42,-12,9125
5348,KDOX,2011,09,05,10,27,26,-7,13332
5348,KDOX,2011,09,05,10,33,10,-1,17923
5348,KDOX,2011,09,05,10,38,55,5,22950
5349,KDOX,2011,09,06,10,31,57,-3,1699
5349,KDOX,2011,09,06,10,37,41,3,4354
5349,KDOX,2011,09,06,10,43,25,8,6345
5349,KDOX,2011,09,06,10,49,09,14,9481
5349,KDOX,2011,09,06,10,54,53,20,11410
5349,KDOX,2011,09,06,11,00,37,26,14785
5350,KDOX,2011,09,06,10,03,16,-32,1814
5350,KDOX,2011,09,06,10,09,00,-26,3016
5350,KDOX,2011,09,06,10,14,44,-20,4156
5350,KDOX,2011,09,06,10,20,29,-15,6667
5350,KDOX,2011,09,06,10,26,12,-9,10375
5350,KDOX,2011,09,06,10,31,57,-3,14202
5350,KDOX,2011,09,06,10,37,41,3,15541
5350,KDOX,2011,09,06,10,43,25,8,17907
5350,KDOX,2011,09,06,10,49,09,14,21414
5351,KDOX,2011,09,09,10,17,08,-21,2020
5351,KDOX,2011,09,09,10,22,01,-16,4264
5351,KDOX,2011,09,09,10,26,54,-11,6712
5351,KDOX,2011,09,09,10,31,47,-6,10242
5351,KDOX,2011,09,09,10,36,41,-1,12452
5351,KDOX,2011,09,09,10,41,34,4,17033
5351,KDOX,2011,09,09,10,46,28,8,20674
6329,KDOX,2011,09,12,10,37,44,-2,7272
6329,KDOX,2011,09,12,10,43,29,3,9216
6329,KDOX,2011,09,12,10,49,14,9,11834
6330,KDOX,2011,09,12,10,37,44,-2,5347
6330,KDOX,2011,09,12,10,43,29,3,7408
6330,KDOX,2011,09,12,10,49,14,9,8407
6331,KDOX,2011,09,12,10,28,05,-12,3476
6331,KDOX,2011,09,12,10,37,44,-2,6759
6331,KDOX,2011,09,12,10,43,29,3,8316
6331,KDOX,2011,09,12,10,49,14,9,9103
6332,KDOX,2011,09,12,10,43,29,3,9164
6328,KDOX,2011,09,15,10,21,37,-21,2539
6328,KDOX,2011,09,15,10,27,21,-16,5326
6328,KDOX,2011,09,15,10,33,05,-10,7730
6333,KDOX,2011,09,16,10,33,44,-10,3730
6333,KDOX,2011,09,16,10,43,26,-1,8774
6333,KDOX,2011,09,16,10,53,07,9,12574
6334,KDOX,2011,09,16,10,33,44,-10,2854
6335,KDOX,2011,09,16,10,33,44,-10,3506
6336,KDOX,2011,09,16,10,33,44,-10,2998
6336,KDOX,2011,09,16,10,43,26,-1,6858
6336,KDOX,2011,09,16,10,53,07,9,11050
6337,KDOX,2011,09,17,10,33,14,-12,2594
6337,KDOX,2011,09,17,10,39,00,-6,4395
6337,KDOX,2011,09,17,10,44,46,0,6657
6337,KDOX,2011,09,17,10,50,31,6,9012
6337,KDOX,2011,09,17,10,56,19,11,11228
6337,KDOX,2011,09,17,11,02,04,17,12225
6338,KDOX,2011,09,17,10,44,46,0,6609
6338,KDOX,2011,09,17,10,50,31,6,8106
6338,KDOX,2011,09,17,10,56,19,11,9902
6338,KDOX,2011,09,17,11,02,04,17,11865
6339,KDOX,2011,09,17,10,44,46,0,5187
6339,KDOX,2011,09,17,10,50,31,6,6419
6339,KDOX,2011,09,17,10,56,19,11,7753
6340,KDOX,2011,09,17,10,50,31,6,4428
6341,KDOX,2011,09,17,10,50,31,6,5452
6342,KDOX,2011,09,18,10,46,52,1,5045
6342,KDOX,2011,09,18,10,56,33,11,9083
6342,KDOX,2011,09,18,11,06,15,20,10663
6343,KDOX,2011,09,18,10,46,52,1,4884
6343,KDOX,2011,09,18,10,56,33,11,7392
6344,KDOX,2011,09,19,10,44,25,-3,6468
6344,KDOX,2011,09,19,10,54,06,7,10333
6345,KDOX,2011,09,19,10,44,25,-3,6273
6345,KDOX,2011,09,19,10,54,06,7,11776
6346,KDOX,2011,09,19,10,44,25,-3,7291
6346,KDOX,2011,09,19,10,54,06,7,10929
6347,KDOX,2011,09,19,10,44,25,-3,5878
6347,KDOX,2011,09,19,10,54,06,7,8013
6348,KDOX,2011,09,19,10,34,44,-12,2150
6348,KDOX,2011,09,19,10,44,25,-3,5734
6348,KDOX,2011,09,19,10,54,06,7,8287
6349,KDOX,2011,09,19,10,34,44,-12,2354
6349,KDOX,2011,09,19,10,44,25,-3,7097
6350,KDOX,2011,09,21,10,52,29,4,8250
6350,KDOX,2011,09,21,10,58,15,10,10250
6350,KDOX,2011,09,21,11,04,00,16,12250
6351,KDOX,2011,09,21,10,52,29,4,4750
6351,KDOX,2011,09,21,10,58,15,10,7714
6351,KDOX,2011,09,21,11,04,00,16,10226
6351,KDOX,2011,09,21,11,09,44,22,12840
6352,KDOX,2011,09,21,10,58,15,10,6711
6352,KDOX,2011,09,21,11,04,00,16,9210
6352,KDOX,2011,09,21,11,09,44,22,11905
6352,KDOX,2011,09,21,11,15,31,28,13877
6353,KDOX,2011,09,21,10,46,44,-1,4035
6353,KDOX,2011,09,21,10,52,29,4,6526
6354,KDOX,2011,09,24,10,58,12,7,4494
6354,KDOX,2011,09,24,11,03,56,13,7924
6354,KDOX,2011,09,24,11,09,41,19,10345
6354,KDOX,2011,09,24,11,15,26,24,12181
6354,KDOX,2011,09,24,11,21,10,30,13692
6354,KDOX,2011,09,24,11,26,55,36,16401
6355,KDOX,2011,09,24,10,52,27,1,4333
6356,KDOX,2011,09,24,11,09,41,19,3511
6356,KDOX,2011,09,24,11,15,26,24,4526
6357,KDOX,2011,09,25,10,47,06,-5,3781
6357,KDOX,2011,09,25,10,52,49,1,6806
6357,KDOX,2011,09,25,10,58,34,7,8854
6357,KDOX,2011,09,25,11,04,18,12,11273
6357,KDOX,2011,09,25,11,10,03,18,14633
6357,KDOX,2011,09,25,11,15,47,24,18070
6357,KDOX,2011,09,25,11,21,32,30,19064
6357,KDOX,2011,09,25,11,27,17,35,22468
6358,KDOX,2011,09,25,10,52,49,1,4480
6359,KDOX,2011,09,27,10,57,23,3,5208
6359,KDOX,2011,09,27,11,03,08,9,8775
6359,KDOX,2011,09,27,11,08,52,15,11404
6359,KDOX,2011,09,27,11,14,37,21,13561
6359,KDOX,2011,09,27,11,20,21,26,16233
6359,KDOX,2011,09,27,11,26,05,32,17431
6360,KDOX,2011,09,30,10,45,01,-12,5025
6360,KDOX,2011,09,30,10,54,42,-2,9409
6360,KDOX,2011,09,30,11,04,22,7,11184
1575,KDOX,2011,10,01,10,50,47,-7,3529
1575,KDOX,2011,10,01,11,00,27,2,8034
1575,KDOX,2011,10,01,11,06,12,8,10560
1575,KDOX,2011,10,01,11,11,57,14,13729
1575,KDOX,2011,10,01,11,17,42,20,16569
1575,KDOX,2011,10,01,11,23,28,25,18948
1575,KDOX,2011,10,01,11,29,13,31,22265
1575,KDOX,2011,10,01,11,34,58,37,24263
1575,KDOX,2011,10,01,11,40,43,43,27028
1576,KDOX,2011,10,01,10,50,47,-7,2485
1576,KDOX,2011,10,01,11,00,27,2,6703
1576,KDOX,2011,10,01,11,06,12,8,9507
1576,KDOX,2011,10,01,11,11,57,14,11340
1576,KDOX,2011,10,01,11,17,42,20,13737
1576,KDOX,2011,10,01,11,23,28,25,14932
1577,KDOX,2011,10,01,10,50,47,-7,1120
1577,KDOX,2011,10,01,11,00,27,2,7114
1577,KDOX,2011,10,01,11,06,12,8,9549
1577,KDOX,2011,10,01,11,11,57,14,12145
1577,KDOX,2011,10,01,11,17,42,20,15363
1578,KDOX,2011,10,01,11,06,12,8,3218
1578,KDOX,2011,10,01,11,11,57,14,6030
1579,KDOX,2011,10,01,10,50,47,-7,2478
1579,KDOX,2011,10,01,11,00,27,2,7312
1579,KDOX,2011,10,01,11,06,12,8,9351
1579,KDOX,2011,10,01,11,11,57,14,11936
1579,KDOX,2011,10,01,11,17,42,20,14816
1579,KDOX,2011,10,01,11,23,28,25,18370
1579,KDOX,2011,10,01,11,29,13,31,21990
1580,KDOX,2011,10,01,11,00,27,2,2751
1580,KDOX,2011,10,01,11,06,12,8,4289
1580,KDOX,2011,10,01,11,11,57,14,6681
1580,KDOX,2011,10,01,11,17,42,20,9005
1580,KDOX,2011,10,01,11,23,28,25,11623
1617,KDOX,2011,10,04,10,48,45,-11,2474
1617,KDOX,2011,10,04,10,58,26,-2,4453
1617,KDOX,2011,10,04,11,08,08,8,8712
1617,KDOX,2011,10,04,11,13,54,14,14533
1617,KDOX,2011,10,04,11,19,40,20,16333
1617,KDOX,2011,10,04,11,25,28,25,19548
1617,KDOX,2011,10,04,11,35,10,35,23382
1617,KDOX,2011,10,04,11,44,52,45,25976
1617,KDOX,2011,10,04,11,54,34,55,29317
1618,KDOX,2011,10,04,10,48,45,-11,1468
1618,KDOX,2011,10,04,10,58,26,-2,5899
1618,KDOX,2011,10,04,11,08,08,8,10040
1618,KDOX,2011,10,04,11,13,54,14,12818
1618,KDOX,2011,10,04,11,19,40,20,15605
1618,KDOX,2011,10,04,11,25,28,25,16684
1619,KDOX,2011,10,04,10,58,26,-2,5214
1619,KDOX,2011,10,04,11,08,08,8,9113
1619,KDOX,2011,10,04,11,13,54,14,11178
1619,KDOX,2011,10,04,11,19,40,20,14587
1619,KDOX,2011,10,04,11,25,28,25,17038
1620,KDOX,2011,10,04,10,58,26,-2,6333
1620,KDOX,2011,10,04,11,08,08,8,9464
1620,KDOX,2011,10,04,11,13,54,14,12643
1620,KDOX,2011,10,04,11,19,40,20,16051
1620,KDOX,2011,10,04,11,25,28,25,16398
1621,KDOX,2011,10,04,10,48,45,-11,2699
1621,KDOX,2011,10,04,10,58,26,-2,6282
1621,KDOX,2011,10,04,11,08,08,8,8955
1621,KDOX,2011,10,04,11,13,54,14,10750
1621,KDOX,2011,10,04,11,19,40,20,13751
1622,KDOX,2011,10,04,10,48,45,-11,1988
1622,KDOX,2011,10,04,10,58,26,-2,4879
1622,KDOX,2011,10,04,11,08,08,8,9110
1623,KDOX,2011,10,04,10,58,26,-2,2741
1623,KDOX,2011,10,04,11,08,08,8,6302
1623,KDOX,2011,10,04,11,13,54,14,8705
1623,KDOX,2011,10,04,11,19,40,20,11372
1623,KDOX,2011,10,04,11,25,28,25,11372
1624,KDOX,2011,10,05,10,52,08,-9,4939
1624,KDOX,2011,10,05,11,01,50,1,12568
1624,KDOX,2011,10,05,11,11,31,11,14383
1624,KDOX,2011,10,05,11,21,14,20,15533
1624,KDOX,2011,10,05,11,30,55,30,17289
1625,KDOX,2011,10,05,10,52,08,-9,4390
1625,KDOX,2011,10,05,11,01,50,1,8762
1625,KDOX,2011,10,05,11,11,31,11,10762
1625,KDOX,2011,10,05,11,21,14,20,14222
1625,KDOX,2011,10,05,11,30,55,30,15383
1626,KDOX,2011,10,05,10,52,08,-9,4488
1626,KDOX,2011,10,05,11,01,50,1,6820
1626,KDOX,2011,10,05,11,11,31,11,9673
1627,KDOX,2011,10,05,10,52,08,-9,4269
1627,KDOX,2011,10,05,11,01,50,1,8541
1627,KDOX,2011,10,05,11,11,31,11,11443
1627,KDOX,2011,10,05,11,21,14,20,14142
1628,KDOX,2011,10,05,10,52,08,-9,3558
1628,KDOX,2011,10,05,11,01,50,1,5449
1628,KDOX,2011,10,05,11,11,31,11,6928
1629,KDOX,2011,10,05,10,52,08,-9,2928
1629,KDOX,2011,10,05,11,01,50,1,5926
1629,KDOX,2011,10,05,11,11,31,11,7796
1630,KDOX,2011,10,05,10,52,08,-9,2892
1630,KDOX,2011,10,05,11,01,50,1,8165
1630,KDOX,2011,10,05,11,11,31,11,12642
1631,KDOX,2011,10,05,10,52,08,-9,3333
1631,KDOX,2011,10,05,11,01,50,1,6773
1631,KDOX,2011,10,05,11,11,31,11,10175
1631,KDOX,2011,10,05,11,21,14,20,12791
1632,KDOX,2011,10,05,10,52,08,-9,4311
1632,KDOX,2011,10,05,11,01,50,1,9146
1632,KDOX,2011,10,05,11,11,31,11,13119
1632,KDOX,2011,10,05,11,21,14,20,14948
1633,KDOX,2011,10,05,10,52,08,-9,6359
1633,KDOX,2011,10,05,11,01,50,1,9348
1633,KDOX,2011,10,05,11,11,31,11,13368
1633,KDOX,2011,10,05,11,21,14,20,15533
1634,KDOX,2011,10,06,10,49,11,-13,2264
1634,KDOX,2011,10,06,10,58,52,-3,7098
1634,KDOX,2011,10,06,11,08,35,7,11926
1634,KDOX,2011,10,06,11,18,16,16,16350
1634,KDOX,2011,10,06,11,27,58,26,21991
1634,KDOX,2011,10,06,11,37,40,36,25509
1635,KDOX,2011,10,06,10,58,52,-3,8047
1635,KDOX,2011,10,06,11,08,35,7,11432
1635,KDOX,2011,10,06,11,18,16,16,15972
1635,KDOX,2011,10,06,11,27,58,26,21441
1635,KDOX,2011,10,06,11,37,40,36,23434
1636,KDOX,2011,10,06,10,49,11,-13,2350
1636,KDOX,2011,10,06,10,58,52,-3,6945
1636,KDOX,2011,10,06,11,08,35,7,11795
1636,KDOX,2011,10,06,11,18,16,16,17031
1636,KDOX,2011,10,06,11,27,58,26,19847
1636,KDOX,2011,10,06,11,37,40,36,21684
1636,KDOX,2011,10,06,11,47,22,45,24411
1636,KDOX,2011,10,06,11,57,04,55,27270
1637,KDOX,2011,10,06,10,49,11,-13,1921
1637,KDOX,2011,10,06,10,58,52,-3,6273
1637,KDOX,2011,10,06,11,08,35,7,9514
1638,KDOX,2011,10,06,10,49,11,-13,4151
1638,KDOX,2011,10,06,10,58,52,-3,8477
1638,KDOX,2011,10,06,11,08,35,7,10972
1639,KDOX,2011,10,06,10,58,52,-3,4981
1639,KDOX,2011,10,06,11,08,35,7,8801
1640,KDOX,2011,10,06,10,49,11,-13,1980
1640,KDOX,2011,10,06,10,58,52,-3,5189
1640,KDOX,2011,10,06,11,08,35,7,8602
1640,KDOX,2011,10,06,11,18,16,16,11818
1641,KDOX,2011,10,06,10,49,11,-13,3106
1641,KDOX,2011,10,06,10,58,52,-3,6772
1641,KDOX,2011,10,06,11,08,35,7,10540
1642,KDOX,2011,10,06,10,58,52,-3,5010
1642,KDOX,2011,10,06,11,08,35,7,10264
1642,KDOX,2011,10,06,11,18,16,16,13925
1642,KDOX,2011,10,06,11,27,58,26,17482
1643,KDOX,2011,10,07,10,52,41,-10,2729
1643,KDOX,2011,10,07,11,02,23,-1,7020
1643,KDOX,2011,10,07,11,12,05,9,11764
1643,KDOX,2011,10,07,11,21,47,19,15895
1643,KDOX,2011,10,07,11,31,30,29,21650
1643,KDOX,2011,10,07,11,41,13,38,26489
1644,KDOX,2011,10,07,11,02,23,-1,5471
1644,KDOX,2011,10,07,11,12,05,9,9205
1645,KDOX,2011,10,07,10,52,41,-10,2112
1645,KDOX,2011,10,07,11,02,23,-1,7041
1645,KDOX,2011,10,07,11,12,05,9,10665
1645,KDOX,2011,10,07,11,21,47,19,15235
1646,KDOX,2011,10,07,10,52,41,-10,3068
1646,KDOX,2011,10,07,11,02,23,-1,8469
1646,KDOX,2011,10,07,11,12,05,9,12792
1646,KDOX,2011,10,07,11,21,47,19,17607
1647,KDOX,2011,10,07,11,02,23,-1,5759
1647,KDOX,2011,10,07,11,12,05,9,8782
1647,KDOX,2011,10,07,11,21,47,19,14883
1647,KDOX,2011,10,07,11,31,30,29,18141
1648,KDOX,2011,10,07,10,52,41,-10,3383
1648,KDOX,2011,10,07,11,02,23,-1,7712
1648,KDOX,2011,10,07,11,12,05,9,11177
1648,KDOX,2011,10,07,11,21,47,19,15227
1648,KDOX,2011,10,07,11,31,30,29,20213
1649,KDOX,2011,10,07,11,02,23,-1,6975
1649,KDOX,2011,10,07,11,12,05,9,9793
1649,KDOX,2011,10,07,11,21,47,19,13391
1649,KDOX,2011,10,07,11,31,30,29,17719
1650,KDOX,2011,10,07,10,52,41,-10,1563
1650,KDOX,2011,10,07,11,02,23,-1,6136
1650,KDOX,2011,10,07,11,12,05,9,10573
1651,KDOX,2011,10,07,10,52,41,-10,2203
1651,KDOX,2011,10,07,11,02,23,-1,7018
1651,KDOX,2011,10,07,11,12,05,9,10217
1652,KDOX,2011,10,08,10,45,17,-19,1266
1652,KDOX,2011,10,08,10,54,58,-9,6024
1652,KDOX,2011,10,08,11,04,41,1,7707
1652,KDOX,2011,10,08,11,14,23,10,13183
1652,KDOX,2011,10,08,11,24,05,20,15893
1652,KDOX,2011,10,08,11,33,47,30,19216
1653,KDOX,2011,10,08,10,54,58,-9,1742
1653,KDOX,2011,10,08,11,04,41,1,6326
1653,KDOX,2011,10,08,11,14,23,10,8535
1653,KDOX,2011,10,08,11,24,05,20,12147
1653,KDOX,2011,10,08,11,33,47,30,15735
1654,KDOX,2011,10,08,10,54,58,-9,3923
1654,KDOX,2011,10,08,11,04,41,1,6668
1654,KDOX,2011,10,08,11,14,23,10,10695
1654,KDOX,2011,10,08,11,24,05,20,13667
1655,KDOX,2011,10,08,10,54,58,-9,1893
1655,KDOX,2011,10,08,11,04,41,1,4670
1655,KDOX,2011,10,08,11,14,23,10,8893
1656,KDOX,2011,10,08,10,54,58,-9,1774
1656,KDOX,2011,10,08,11,04,41,1,5140
1656,KDOX,2011,10,08,11,14,23,10,8558
1656,KDOX,2011,10,08,11,24,05,20,11587
1665,KDOX,2011,10,09,10,54,07,-11,5466
1665,KDOX,2011,10,09,10,59,53,-5,8338
1665,KDOX,2011,10,09,11,05,39,1,9808
1665,KDOX,2011,10,09,11,11,25,6,12415
1665,KDOX,2011,10,09,11,17,12,12,15613
1665,KDOX,2011,10,09,11,22,58,18,17330
1665,KDOX,2011,10,09,11,28,44,24,19955
1666,KDOX,2011,10,09,10,54,07,-11,3517
1666,KDOX,2011,10,09,10,59,53,-5,4903
1666,KDOX,2011,10,09,11,05,39,1,6975
1666,KDOX,2011,10,09,11,11,25,6,9922
1666,KDOX,2011,10,09,11,17,12,12,12416
1666,KDOX,2011,10,09,11,22,58,18,14661
1666,KDOX,2011,10,09,11,28,44,24,16465
1667,KDOX,2011,10,09,10,59,53,-5,2849
1667,KDOX,2011,10,09,11,05,39,1,4854
1667,KDOX,2011,10,09,11,11,25,6,7076
1667,KDOX,2011,10,09,11,17,12,12,9867
1667,KDOX,2011,10,09,11,22,58,18,12099
1668,KDOX,2011,10,09,10,54,07,-11,2322
1668,KDOX,2011,10,09,10,59,53,-5,4675
1668,KDOX,2011,10,09,11,05,39,1,6655
1668,KDOX,2011,10,09,11,11,25,6,10038
1668,KDOX,2011,10,09,11,17,12,12,13336
1668,KDOX,2011,10,09,11,22,58,18,15427
1657,KDOX,2011,10,10,10,55,08,-11,1849
1657,KDOX,2011,10,10,11,00,53,-5,4142
1657,KDOX,2011,10,10,11,06,39,1,5919
1657,KDOX,2011,10,10,11,12,24,6,7760
1657,KDOX,2011,10,10,11,18,09,12,10338
1657,KDOX,2011,10,10,11,23,54,18,15520
6312,KDOX,2011,10,10,11,00,53,-5,5486
1658,KDOX,2011,10,11,10,56,56,-10,2105
1658,KDOX,2011,10,11,11,02,42,-4,3427
1658,KDOX,2011,10,11,11,08,27,1,6854
1658,KDOX,2011,10,11,11,14,12,7,9222
1658,KDOX,2011,10,11,11,19,58,13,11991
1659,KDOX,2011,10,11,10,56,56,-10,2127
1659,KDOX,2011,10,11,11,02,42,-4,4136
1659,KDOX,2011,10,11,11,08,27,1,5001
1659,KDOX,2011,10,11,11,14,12,7,7387
1659,KDOX,2011,10,11,11,19,58,13,10618
1659,KDOX,2011,10,11,11,25,43,19,12195
1659,KDOX,2011,10,11,11,31,28,24,14609
1659,KDOX,2011,10,11,11,37,13,30,15610
1660,KDOX,2011,10,11,10,56,56,-10,1708
1660,KDOX,2011,10,11,11,02,42,-4,3622
1660,KDOX,2011,10,11,11,08,27,1,5796
6313,KDOX,2011,10,16,11,05,16,-7,4050
6314,KDOX,2011,10,16,11,05,16,-7,5499
6314,KDOX,2011,10,16,11,15,56,4,9125
1669,KDOX,2011,10,17,11,14,39,2,5547
1669,KDOX,2011,10,17,11,24,19,11,10354
1669,KDOX,2011,10,17,11,35,01,22,18055
1669,KDOX,2011,10,17,11,44,41,32,21709
1669,KDOX,2011,10,17,11,54,22,41,26926
1669,KDOX,2011,10,17,12,04,03,51,29241
1669,KDOX,2011,10,17,12,13,44,61,31266
1669,KDOX,2011,10,17,12,23,25,70,33583
1670,KDOX,2011,10,17,11,14,39,2,4594
1670,KDOX,2011,10,17,11,24,19,11,10158
1670,KDOX,2011,10,17,11,35,01,22,15023
1670,KDOX,2011,10,17,11,44,41,32,19051
1671,KDOX,2011,10,17,11,04,58,-8,1283
1671,KDOX,2011,10,17,11,14,39,2,6020
1671,KDOX,2011,10,17,11,24,19,11,8901
1671,KDOX,2011,10,17,11,35,01,22,11808
1671,KDOX,2011,10,17,11,44,41,32,14336
1672,KDOX,2011,10,18,11,13,51,0,3464
1672,KDOX,2011,10,18,11,19,37,6,6612
1672,KDOX,2011,10,18,11,25,22,11,8306
1672,KDOX,2011,10,18,11,31,07,17,11376
1672,KDOX,2011,10,18,11,36,53,23,14506
1672,KDOX,2011,10,18,11,42,38,29,16917
1673,KDOX,2011,10,18,11,02,20,-12,1545
1673,KDOX,2011,10,18,11,08,05,-6,3968
1673,KDOX,2011,10,18,11,13,51,0,7073
1673,KDOX,2011,10,18,11,19,37,6,10800
1673,KDOX,2011,10,18,11,25,22,11,12530
1673,KDOX,2011,10,18,11,31,07,17,16594
1674,KDOX,2011,10,18,11,02,20,-12,2579
1674,KDOX,2011,10,18,11,08,05,-6,4612
1674,KDOX,2011,10,18,11,13,51,0,6345
1674,KDOX,2011,10,18,11,19,37,6,8379
1674,KDOX,2011,10,18,11,25,22,11,10101
1674,KDOX,2011,10,18,11,31,07,17,13006
1674,KDOX,2011,10,18,11,36,53,23,14515
6315,KDOX,2011,10,22,11,01,29,-17,2007
6315,KDOX,2011,10,22,11,11,12,-7,4977
6315,KDOX,2011,10,22,11,20,55,3,10150
6315,KDOX,2011,10,22,11,30,38,13,13190
6316,KDOX,2011,10,22,11,11,12,-7,5291
6316,KDOX,2011,10,22,11,20,55,3,8226
6317,KDOX,2011,10,22,11,11,12,-7,4752
6317,KDOX,2011,10,22,11,20,55,3,10890
6317,KDOX,2011,10,22,11,30,38,13,13701
6318,KDOX,2011,10,23,11,08,00,-11,2703
6318,KDOX,2011,10,23,11,17,42,-1,6749
6318,KDOX,2011,10,23,11,27,24,8,9529
6319,KDOX,2011,10,23,11,08,00,-11,2792
6319,KDOX,2011,10,23,11,17,42,-1,7959
6319,KDOX,2011,10,23,11,27,24,8,11322
6319,KDOX,2011,10,23,11,37,06,18,14117
6319,KDOX,2011,10,23,11,46,48,28,16414
6320,KDOX,2011,10,24,11,17,04,-3,4270
6320,KDOX,2011,10,24,11,26,47,7,7254
6321,KDOX,2011,10,24,11,17,04,-3,3466
6322,KDOX,2011,10,25,11,14,02,-7,5748
6322,KDOX,2011,10,25,11,23,45,3,9390
6322,KDOX,2011,10,25,11,33,27,12,13420
6322,KDOX,2011,10,25,11,43,09,22,16352
6323,KDOX,2011,10,25,11,04,21,-17,1308
6323,KDOX,2011,10,25,11,14,02,-7,6624
6323,KDOX,2011,10,25,11,23,45,3,11787
6323,KDOX,2011,10,25,11,33,27,12,19593
6324,KDOX,2011,10,25,11,23,45,3,3910
6325,KDOX,2011,10,28,11,06,41,-18,1164
6325,KDOX,2011,10,28,11,12,27,-13,3540
6325,KDOX,2011,10,28,11,18,13,-7,4682
6326,KDOX,2011,10,28,11,12,27,-13,5919
6327,KDOX,2011,10,31,11,17,10,-11,4248
6327,KDOX,2011,10,31,11,22,59,-5,5526
352,KDOX,2010,09,01,09,58,27,-33,3118
352,KDOX,2010,09,01,10,04,11,-27,4394
352,KDOX,2010,09,01,10,09,56,-21,6593
352,KDOX,2010,09,01,10,15,40,-15,9233
353,KDOX,2010,09,01,09,52,43,-38,1758
353,KDOX,2010,09,01,09,58,27,-33,2691
353,KDOX,2010,09,01,10,04,11,-27,4156
353,KDOX,2010,09,01,10,09,56,-21,5102
353,KDOX,2010,09,01,10,15,40,-15,6715
353,KDOX,2010,09,01,10,21,26,-10,9325
353,KDOX,2010,09,01,10,27,10,-4,11151
353,KDOX,2010,09,01,10,32,55,2,12545
245,KDOX,2010,09,02,10,00,24,-32,2855
245,KDOX,2010,09,02,10,10,05,-22,5859
245,KDOX,2010,09,02,10,19,45,-12,9255
245,KDOX,2010,09,02,10,29,26,-3,10828
246,KDOX,2010,09,02,10,00,24,-32,4374
246,KDOX,2010,09,02,10,10,05,-22,8871
246,KDOX,2010,09,02,10,19,45,-12,11889
246,KDOX,2010,09,02,10,29,26,-3,14932
246,KDOX,2010,09,02,10,39,07,7,18958
247,KDOX,2010,09,02,10,00,24,-32,2540
247,KDOX,2010,09,02,10,10,05,-22,6956
247,KDOX,2010,09,02,10,19,45,-12,11001
247,KDOX,2010,09,02,10,29,26,-3,13499
354,KDOX,2010,09,02,10,00,24,-32,2646
354,KDOX,2010,09,02,10,10,05,-22,5209
354,KDOX,2010,09,02,10,19,45,-12,8246
355,KDOX,2010,09,03,10,11,12,-22,2109
355,KDOX,2010,09,03,10,16,47,-16,4162
355,KDOX,2010,09,03,10,22,23,-11,7200
355,KDOX,2010,09,03,10,27,58,-5,7584
355,KDOX,2010,09,03,10,33,33,1,8614
355,KDOX,2010,09,03,10,39,09,6,11394
355,KDOX,2010,09,03,10,44,45,12,13203
356,KDOX,2010,09,03,10,16,47,-16,4348
356,KDOX,2010,09,03,10,22,23,-11,6578
356,KDOX,2010,09,03,10,27,58,-5,8560
356,KDOX,2010,09,03,10,33,33,1,11664
356,KDOX,2010,09,03,10,39,09,6,12904
356,KDOX,2010,09,03,10,44,45,12,16406
356,KDOX,2010,09,03,10,50,20,17,19845
356,KDOX,2010,09,03,10,55,56,23,21007
357,KDOX,2010,09,03,10,16,47,-16,2400
357,KDOX,2010,09,03,10,22,23,-11,3771
357,KDOX,2010,09,03,10,27,58,-5,6279
357,KDOX,2010,09,03,10,33,33,1,8384
357,KDOX,2010,09,03,10,39,09,6,10882
357,KDOX,2010,09,03,10,44,45,12,14392
365,KDOX,2010,09,04,09,58,05,-36,3346
365,KDOX,2010,09,04,10,07,46,-26,5157
365,KDOX,2010,09,04,10,17,27,-17,8684
365,KDOX,2010,09,04,10,27,07,-7,16603
366,KDOX,2010,09,04,10,07,46,-26,2125
366,KDOX,2010,09,04,10,17,27,-17,4543
366,KDOX,2010,09,04,10,27,07,-7,8935
366,KDOX,2010,09,04,10,36,47,3,11551
367,KDOX,2010,09,04,10,17,27,-17,4611
367,KDOX,2010,09,04,10,27,07,-7,8495
367,KDOX,2010,09,04,10,36,47,3,13647
368,KDOX,2010,09,04,09,48,24,-46,1825
368,KDOX,2010,09,04,09,58,05,-36,3285
368,KDOX,2010,09,04,10,07,46,-26,5353
368,KDOX,2010,09,04,10,17,27,-17,7444
368,KDOX,2010,09,04,10,27,07,-7,9158
368,KDOX,2010,09,04,10,36,47,3,12563
369,KDOX,2010,09,04,10,27,07,-7,4488
369,KDOX,2010,09,04,10,36,47,3,7438
370,KDOX,2010,09,04,10,17,27,-17,2166
370,KDOX,2010,09,04,10,27,07,-7,7407
358,KDOX,2010,09,05,10,00,20,-34,3126
358,KDOX,2010,09,05,10,10,01,-24,3534
358,KDOX,2010,09,05,10,19,44,-14,5989
358,KDOX,2010,09,05,10,29,26,-5,8144
358,KDOX,2010,09,05,10,39,07,5,11631
359,KDOX,2010,09,05,10,00,20,-34,3117
359,KDOX,2010,09,05,10,10,01,-24,7178
359,KDOX,2010,09,05,10,19,44,-14,12969
359,KDOX,2010,09,05,10,29,26,-5,20772
359,KDOX,2010,09,05,10,39,07,5,25509
359,KDOX,2010,09,05,10,48,49,15,31794
360,KDOX,2010,09,05,10,10,01,-24,1937
360,KDOX,2010,09,05,10,19,44,-14,3277
360,KDOX,2010,09,05,10,29,26,-5,6989
360,KDOX,2010,09,05,10,39,07,5,9836
360,KDOX,2010,09,05,10,48,49,15,15035
361,KDOX,2010,09,05,10,19,44,-14,3971
361,KDOX,2010,09,05,10,29,26,-5,6807
361,KDOX,2010,09,05,10,39,07,5,9801
362,KDOX,2010,09,05,09,50,38,-43,6119
362,KDOX,2010,09,05,10,00,20,-34,9250
362,KDOX,2010,09,05,10,10,01,-24,12862
362,KDOX,2010,09,05,10,19,44,-14,15273
362,KDOX,2010,09,05,10,29,26,-5,18170
362,KDOX,2010,09,05,10,39,07,5,22336
363,KDOX,2010,09,05,09,40,57,-53,2245
363,KDOX,2010,09,05,09,50,38,-43,3385
363,KDOX,2010,09,05,10,00,20,-34,6154
363,KDOX,2010,09,05,10,10,01,-24,7600
363,KDOX,2010,09,05,10,19,44,-14,8012
363,KDOX,2010,09,05,10,29,26,-5,11456
363,KDOX,2010,09,05,10,39,07,5,15094
364,KDOX,2010,09,05,10,19,44,-14,2917
364,KDOX,2010,09,05,10,29,26,-5,5194
364,KDOX,2010,09,05,10,39,07,5,6727
364,KDOX,2010,09,05,10,48,49,15,8161
371,KDOX,2010,09,06,09,54,14,-41,1926
371,KDOX,2010,09,06,10,03,56,-31,5010
371,KDOX,2010,09,06,10,13,38,-21,12445
371,KDOX,2010,09,06,10,23,20,-12,20747
371,KDOX,2010,09,06,10,33,01,-2,28256
372,KDOX,2010,09,06,10,13,38,-21,4615
372,KDOX,2010,09,06,10,23,20,-12,8468
372,KDOX,2010,09,06,10,33,01,-2,15708
372,KDOX,2010,09,06,10,42,43,8,21863
373,KDOX,2010,09,06,10,13,38,-21,3038
373,KDOX,2010,09,06,10,23,20,-12,5032
373,KDOX,2010,09,06,10,33,01,-2,8247
373,KDOX,2010,09,06,10,42,43,8,13761
373,KDOX,2010,09,06,10,52,25,17,16945
374,KDOX,2010,09,06,09,44,33,-50,1959
374,KDOX,2010,09,06,09,54,14,-41,4380
374,KDOX,2010,09,06,10,03,56,-31,5240
374,KDOX,2010,09,06,10,13,38,-21,6708
374,KDOX,2010,09,06,10,23,20,-12,15361
374,KDOX,2010,09,06,10,33,01,-2,21119
374,KDOX,2010,09,06,10,42,43,8,27195
375,KDOX,2010,09,06,10,23,20,-12,2686
375,KDOX,2010,09,06,10,33,01,-2,4604
376,KDOX,2010,09,06,10,23,20,-12,3540
377,KDOX,2010,09,06,10,03,56,-31,2379
377,KDOX,2010,09,06,10,13,38,-21,5208
377,KDOX,2010,09,06,10,23,20,-12,7846
377,KDOX,2010,09,06,10,33,01,-2,12225
377,KDOX,2010,09,06,10,42,43,8,17052
378,KDOX,2010,09,06,10,33,01,-2,2780
378,KDOX,2010,09,06,10,42,43,8,4735
378,KDOX,2010,09,06,10,52,25,17,7130
379,KDOX,2010,09,07,10,17,23,-19,3886
379,KDOX,2010,09,07,10,27,04,-9,9203
380,KDOX,2010,09,07,10,07,42,-28,3516
380,KDOX,2010,09,07,10,17,23,-19,8491
380,KDOX,2010,09,07,10,27,04,-9,14293
381,KDOX,2010,09,07,10,07,42,-28,3453
381,KDOX,2010,09,07,10,17,23,-19,9020
381,KDOX,2010,09,07,10,27,04,-9,16890
381,KDOX,2010,09,07,10,36,45,1,21987
381,KDOX,2010,09,07,10,46,27,10,30092
381,KDOX,2010,09,07,10,56,09,20,32945
382,KDOX,2010,09,07,10,07,42,-28,4133
382,KDOX,2010,09,07,10,17,23,-19,8448
382,KDOX,2010,09,07,10,27,04,-9,13071
382,KDOX,2010,09,07,10,36,45,1,18548
382,KDOX,2010,09,07,10,46,27,10,22067
382,KDOX,2010,09,07,10,56,09,20,26548
383,KDOX,2010,09,07,10,17,23,-19,2214
383,KDOX,2010,09,07,10,27,04,-9,4630
383,KDOX,2010,09,07,10,36,45,1,9259
384,KDOX,2010,09,07,10,07,42,-28,2076
384,KDOX,2010,09,07,10,17,23,-19,3810
384,KDOX,2010,09,07,10,27,04,-9,7045
390,KDOX,2010,09,07,10,17,23,-19,1834
390,KDOX,2010,09,07,10,27,04,-9,5767
385,KDOX,2010,09,08,10,14,40,-22,1841
385,KDOX,2010,09,08,10,20,25,-17,4383
385,KDOX,2010,09,08,10,26,10,-11,6848
385,KDOX,2010,09,08,10,31,57,-5,11323
385,KDOX,2010,09,08,10,37,42,1,14322
385,KDOX,2010,09,08,10,43,27,6,18730
385,KDOX,2010,09,08,10,49,12,12,22116
385,KDOX,2010,09,08,10,54,57,18,28338
395,KDOX,2010,09,09,09,55,34,-42,2194
395,KDOX,2010,09,09,10,05,14,-33,5937
395,KDOX,2010,09,09,10,14,55,-23,15635
395,KDOX,2010,09,09,10,24,36,-13,25259
395,KDOX,2010,09,09,10,34,17,-4,36877
396,KDOX,2010,09,09,10,05,14,-33,2328
396,KDOX,2010,09,09,10,14,55,-23,3753
396,KDOX,2010,09,09,10,24,36,-13,10562
396,KDOX,2010,09,09,10,34,17,-4,18494
397,KDOX,2010,09,09,10,24,36,-13,3217
397,KDOX,2010,09,09,10,34,17,-4,6337
5247,KDOX,2010,09,09,10,14,55,-23,1592
5247,KDOX,2010,09,09,10,24,36,-13,5463
5247,KDOX,2010,09,09,10,34,17,-4,8955
5247,KDOX,2010,09,09,10,43,58,6,11148
5248,KDOX,2010,09,10,10,29,04,-10,4606
5248,KDOX,2010,09,10,10,38,46,0,8966
5248,KDOX,2010,09,10,10,48,28,9,10682
5248,KDOX,2010,09,10,10,58,10,19,11855
5249,KDOX,2010,09,10,10,29,04,-10,4008
5249,KDOX,2010,09,10,10,38,46,0,8052
5249,KDOX,2010,09,10,10,48,28,9,11040
5249,KDOX,2010,09,10,10,58,10,19,12690
5250,KDOX,2010,09,10,10,19,22,-20,4311
5250,KDOX,2010,09,10,10,29,04,-10,4311
5250,KDOX,2010,09,10,10,38,46,0,5743
5250,KDOX,2010,09,10,10,48,28,9,11216
5251,KDOX,2010,09,10,09,59,57,-39,757
5251,KDOX,2010,09,10,10,09,39,-29,5953
5251,KDOX,2010,09,10,10,19,22,-20,10844
5251,KDOX,2010,09,10,10,29,04,-10,14783
5251,KDOX,2010,09,10,10,38,46,0,23055
5252,KDOX,2010,09,10,10,29,04,-10,2646
5252,KDOX,2010,09,10,10,38,46,0,6726
5252,KDOX,2010,09,10,10,48,28,9,10394
5252,KDOX,2010,09,10,10,58,10,19,12255
5252,KDOX,2010,09,10,11,07,53,29,15117
5252,KDOX,2010,09,10,11,17,35,39,16281
5253,KDOX,2010,09,10,10,29,04,-10,3038
5254,KDOX,2010,09,10,10,29,04,-10,2126
5254,KDOX,2010,09,10,10,38,46,0,5024
5254,KDOX,2010,09,10,10,48,28,9,6667
5254,KDOX,2010,09,10,10,58,10,19,6691
5255,KDOX,2010,09,10,10,29,04,-10,3706
5255,KDOX,2010,09,10,10,38,46,0,6663
5255,KDOX,2010,09,10,10,48,28,9,9973
5255,KDOX,2010,09,10,10,58,10,19,9973
5256,KDOX,2010,09,10,10,29,04,-10,2948
5256,KDOX,2010,09,10,10,38,46,0,5901
5257,KDOX,2010,09,10,10,38,46,0,5751
5257,KDOX,2010,09,10,10,48,28,9,6503
5257,KDOX,2010,09,10,10,58,10,19,10182
5258,KDOX,2010,09,10,10,38,46,0,5466
5258,KDOX,2010,09,10,10,48,28,9,9752
5259,KDOX,2010,09,11,10,20,09,-20,2183
5259,KDOX,2010,09,11,10,29,51,-10,5967
5259,KDOX,2010,09,11,10,39,33,0,9072
5259,KDOX,2010,09,11,10,49,15,9,11675
5259,KDOX,2010,09,11,10,58,57,19,14127
5259,KDOX,2010,09,11,11,08,38,29,16891
5259,KDOX,2010,09,11,11,18,20,38,20167
5259,KDOX,2010,09,11,11,28,01,48,21924
5259,KDOX,2010,09,11,11,37,44,58,24763
5260,KDOX,2010,09,11,10,29,51,-10,2971
5260,KDOX,2010,09,11,10,39,33,0,6692
5260,KDOX,2010,09,11,10,49,15,9,8917
5260,KDOX,2010,09,11,10,58,57,19,10305
5261,KDOX,2010,09,11,10,20,09,-20,2685
5261,KDOX,2010,09,11,10,29,51,-10,4379
5261,KDOX,2010,09,11,10,39,33,0,6594
5261,KDOX,2010,09,11,10,49,15,9,9900
5261,KDOX,2010,09,11,10,58,57,19,13547
5261,KDOX,2010,09,11,11,08,38,29,16664
5261,KDOX,2010,09,11,11,18,20,38,18591
5262,KDOX,2010,09,11,10,29,51,-10,4865
5262,KDOX,2010,09,11,10,39,33,0,7484
5262,KDOX,2010,09,11,10,49,15,9,11218
5262,KDOX,2010,09,11,10,58,57,19,13574
5263,KDOX,2010,09,11,10,29,51,-10,5297
5263,KDOX,2010,09,11,10,39,33,0,7940
5263,KDOX,2010,09,11,10,49,15,9,10803
5263,KDOX,2010,09,11,10,58,57,19,12628
5263,KDOX,2010,09,11,11,08,38,29,14134
5264,KDOX,2010,09,11,10,29,51,-10,3038
5264,KDOX,2010,09,11,10,39,33,0,6016
5264,KDOX,2010,09,11,10,49,15,9,8278
5264,KDOX,2010,09,11,10,58,57,19,11466
5265,KDOX,2010,09,11,10,29,51,-10,3877
5265,KDOX,2010,09,11,10,39,33,0,5396
5265,KDOX,2010,09,11,10,49,15,9,7095
5265,KDOX,2010,09,11,10,58,57,19,8951
5265,KDOX,2010,09,11,11,08,38,29,10266
5266,KDOX,2010,09,11,10,29,51,-10,2679
5266,KDOX,2010,09,11,10,39,33,0,5905
5266,KDOX,2010,09,11,10,49,15,9,9318
5267,KDOX,2010,09,11,10,29,51,-10,3350
5267,KDOX,2010,09,11,10,39,33,0,5632
5267,KDOX,2010,09,11,10,49,15,9,7719
5268,KDOX,2010,09,14,10,30,03,-12,2827
5268,KDOX,2010,09,14,10,35,49,-6,4782
5268,KDOX,2010,09,14,10,41,34,0,7674
5268,KDOX,2010,09,14,10,47,19,5,10650
5268,KDOX,2010,09,14,10,53,04,11,12514
5269,KDOX,2010,09,15,10,27,48,-15,2809
5269,KDOX,2010,09,15,10,37,29,-6,6766
5269,KDOX,2010,09,15,10,47,10,4,11608
5269,KDOX,2010,09,15,10,56,51,14,16238
5270,KDOX,2010,09,15,10,27,48,-15,1557
5270,KDOX,2010,09,15,10,37,29,-6,4772
5270,KDOX,2010,09,15,10,47,10,4,9572
5271,KDOX,2010,09,15,10,27,48,-15,2286
5271,KDOX,2010,09,15,10,37,29,-6,4480
5272,KDOX,2010,09,15,10,27,48,-15,2373
5272,KDOX,2010,09,15,10,37,29,-6,5685
5272,KDOX,2010,09,15,10,47,10,4,10486
5272,KDOX,2010,09,15,10,56,51,14,12864
5272,KDOX,2010,09,15,11,06,32,24,19352
5273,KDOX,2010,09,15,10,27,48,-15,1619
5273,KDOX,2010,09,15,10,37,29,-6,4262
5273,KDOX,2010,09,15,10,47,10,4,6618
5273,KDOX,2010,09,15,10,56,51,14,9101
5274,KDOX,2010,09,15,10,27,48,-15,1238
5274,KDOX,2010,09,15,10,37,29,-6,5262
5275,KDOX,2010,09,15,10,27,48,-15,2955
5275,KDOX,2010,09,15,10,37,29,-6,6079
5275,KDOX,2010,09,15,10,47,10,4,9170
5276,KDOX,2010,09,15,10,37,29,-6,4607
5276,KDOX,2010,09,15,10,47,10,4,9594
5277,KDOX,2010,09,16,10,32,28,-12,2059
5277,KDOX,2010,09,16,10,42,08,-2,5680
5277,KDOX,2010,09,16,10,51,49,8,9600
5277,KDOX,2010,09,16,11,01,31,18,12338
5278,KDOX,2010,09,16,10,42,08,-2,5416
5278,KDOX,2010,09,16,10,51,49,8,10018
5278,KDOX,2010,09,16,11,01,31,18,14762
5279,KDOX,2010,09,17,10,27,22,-18,683
5279,KDOX,2010,09,17,10,33,06,-12,2992
5279,KDOX,2010,09,17,10,38,50,-6,4966
5279,KDOX,2010,09,17,10,44,34,0,5983
5279,KDOX,2010,09,17,10,50,21,5,7777
5279,KDOX,2010,09,17,10,56,04,11,11423
5279,KDOX,2010,09,17,11,01,48,17,13323
5279,KDOX,2010,09,17,11,07,35,23,16707
5280,KDOX,2010,09,17,10,56,04,11,4181
5280,KDOX,2010,09,17,11,01,48,17,6473
5280,KDOX,2010,09,17,11,07,35,23,8684
5281,KDOX,2010,09,17,10,50,21,5,3369
5281,KDOX,2010,09,17,10,56,04,11,6644
5281,KDOX,2010,09,17,11,01,48,17,9606
5281,KDOX,2010,09,17,11,07,35,23,10371
5282,KDOX,2010,09,17,10,27,22,-18,1697
5282,KDOX,2010,09,17,10,33,06,-12,3946
5282,KDOX,2010,09,17,10,38,50,-6,6717
5282,KDOX,2010,09,17,10,44,34,0,8992
5283,KDOX,2010,09,17,10,27,22,-18,1312
5283,KDOX,2010,09,17,10,33,06,-12,3632
5283,KDOX,2010,09,17,10,38,50,-6,3897
5284,KDOX,2010,09,18,10,35,31,-10,4365
5284,KDOX,2010,09,18,10,45,13,-1,9347
5284,KDOX,2010,09,18,10,54,55,9,13792
5284,KDOX,2010,09,18,11,04,36,19,18016
5284,KDOX,2010,09,18,11,14,17,28,20836
5284,KDOX,2010,09,18,11,23,59,38,22006
5285,KDOX,2010,09,18,10,35,31,-10,2652
5285,KDOX,2010,09,18,10,45,13,-1,6736
5285,KDOX,2010,09,18,10,54,55,9,9817
5285,KDOX,2010,09,18,11,04,36,19,12449
5285,KDOX,2010,09,18,11,14,17,28,14266
5286,KDOX,2010,09,18,10,35,31,-10,2895
5286,KDOX,2010,09,18,10,45,13,-1,6816
5287,KDOX,2010,09,18,10,35,31,-10,3707
5287,KDOX,2010,09,18,10,45,13,-1,7909
5287,KDOX,2010,09,18,10,54,55,9,12560
5287,KDOX,2010,09,18,11,04,36,19,15386
5288,KDOX,2010,09,18,10,35,31,-10,3941
5288,KDOX,2010,09,18,10,45,13,-1,8878
5288,KDOX,2010,09,18,10,54,55,9,12709
5288,KDOX,2010,09,18,11,04,36,19,15910
5288,KDOX,2010,09,18,11,14,17,28,18547
5289,KDOX,2010,09,18,10,35,31,-10,3029
5289,KDOX,2010,09,18,10,45,13,-1,7878
5289,KDOX,2010,09,18,10,54,55,9,11057
5289,KDOX,2010,09,18,11,04,36,19,14571
5290,KDOX,2010,09,18,10,45,13,-1,8009
5290,KDOX,2010,09,18,10,54,55,9,10405
5290,KDOX,2010,09,18,11,04,36,19,11907
5291,KDOX,2010,09,18,10,54,55,9,5538
5291,KDOX,2010,09,18,11,04,36,19,7551
5292,KDOX,2010,09,19,10,30,29,-17,2095
5292,KDOX,2010,09,19,10,40,11,-7,5446
5292,KDOX,2010,09,19,10,49,52,3,8690
5292,KDOX,2010,09,19,10,59,34,13,12297
5292,KDOX,2010,09,19,11,09,16,22,17863
5293,KDOX,2010,09,19,10,40,11,-7,3549
5293,KDOX,2010,09,19,10,49,52,3,7838
5293,KDOX,2010,09,19,10,59,34,13,10408
5294,KDOX,2010,09,19,10,40,11,-7,5713
5294,KDOX,2010,09,19,10,49,52,3,9240
5294,KDOX,2010,09,19,10,59,34,13,12470
5295,KDOX,2010,09,19,10,40,11,-7,4529
5295,KDOX,2010,09,19,10,49,52,3,5838
5295,KDOX,2010,09,19,10,59,34,13,10621
5296,KDOX,2010,09,19,10,40,11,-7,2224
5296,KDOX,2010,09,19,10,49,52,3,5678
5296,KDOX,2010,09,19,10,59,34,13,9640
5296,KDOX,2010,09,19,11,09,16,22,14045
5297,KDOX,2010,09,20,10,34,30,-14,3096
5297,KDOX,2010,09,20,10,44,11,-4,6515
5297,KDOX,2010,09,20,10,53,52,6,9101
5297,KDOX,2010,09,20,11,03,33,16,12949
5298,KDOX,2010,09,20,10,44,11,-4,4204
5298,KDOX,2010,09,20,10,53,52,6,8856
5299,KDOX,2010,09,20,10,34,30,-14,1417
5299,KDOX,2010,09,20,10,44,11,-4,5812
5299,KDOX,2010,09,20,10,53,52,6,10256
5299,KDOX,2010,09,20,11,03,33,16,14083
5299,KDOX,2010,09,20,11,13,14,25,17674
5300,KDOX,2010,09,20,10,34,30,-14,1847
5300,KDOX,2010,09,20,10,44,11,-4,4361
5300,KDOX,2010,09,20,10,53,52,6,7024
5300,KDOX,2010,09,20,11,03,33,16,9949
5301,KDOX,2010,09,20,10,34,30,-14,2758
5301,KDOX,2010,09,20,10,44,11,-4,6031
5301,KDOX,2010,09,20,10,53,52,6,9643
5301,KDOX,2010,09,20,11,03,33,16,11030
5302,KDOX,2010,09,20,10,44,11,-4,4557
5303,KDOX,2010,09,20,10,34,30,-14,1949
5303,KDOX,2010,09,20,10,44,11,-4,5667
5303,KDOX,2010,09,20,10,53,52,6,9163
5304,KDOX,2010,09,21,10,29,58,-19,2231
5304,KDOX,2010,09,21,10,39,40,-9,4686
5304,KDOX,2010,09,21,10,49,22,0,8646
5304,KDOX,2010,09,21,10,59,03,10,12122
5304,KDOX,2010,09,21,11,08,46,20,17073
5305,KDOX,2010,09,21,10,39,40,-9,2429
5305,KDOX,2010,09,21,10,49,22,0,5755
5305,KDOX,2010,09,21,10,59,03,10,8766
5306,KDOX,2010,09,21,10,39,40,-9,3006
5306,KDOX,2010,09,21,10,49,22,0,5501
5307,KDOX,2010,09,21,10,39,40,-9,3722
5307,KDOX,2010,09,21,10,49,22,0,7392
5307,KDOX,2010,09,21,10,59,03,10,10660
5307,KDOX,2010,09,21,11,08,46,20,12585
5307,KDOX,2010,09,21,11,18,29,29,15473
5308,KDOX,2010,09,21,10,39,40,-9,4974
5308,KDOX,2010,09,21,10,49,22,0,8758
5308,KDOX,2010,09,21,10,59,03,10,11170
5308,KDOX,2010,09,21,11,08,46,20,12440
5309,KDOX,2010,09,21,10,39,40,-9,3358
5309,KDOX,2010,09,21,10,49,22,0,7491
5309,KDOX,2010,09,21,10,59,03,10,9964
5310,KDOX,2010,09,21,10,39,40,-9,2583
5310,KDOX,2010,09,21,10,49,22,0,6131
5310,KDOX,2010,09,21,10,59,03,10,9566
5310,KDOX,2010,09,21,11,08,46,20,12684
5310,KDOX,2010,09,21,11,18,29,29,18188
5310,KDOX,2010,09,21,11,28,11,39,21002
5311,KDOX,2010,09,21,10,39,40,-9,2600
5311,KDOX,2010,09,21,10,49,22,0,3291
5311,KDOX,2010,09,21,10,59,03,10,7428
5311,KDOX,2010,09,21,11,08,46,20,11082
5311,KDOX,2010,09,21,11,18,29,29,14338
5324,KDOX,2010,09,22,10,39,49,-10,4968
5324,KDOX,2010,09,22,10,49,31,0,9293
5325,KDOX,2010,09,22,10,39,49,-10,2650
5325,KDOX,2010,09,22,10,49,31,0,7593
5326,KDOX,2010,09,23,10,40,46,-10,2410
5326,KDOX,2010,09,23,10,46,30,-5,4216
5326,KDOX,2010,09,23,10,52,14,1,6552
5326,KDOX,2010,09,23,10,57,59,7,8863
5326,KDOX,2010,09,23,11,03,42,13,9795
5326,KDOX,2010,09,23,11,09,26,18,12037
5326,KDOX,2010,09,23,11,15,11,24,13988
5326,KDOX,2010,09,23,11,20,55,30,17466
5327,KDOX,2010,09,23,10,40,46,-10,2366
5327,KDOX,2010,09,23,10,46,30,-5,4043
5327,KDOX,2010,09,23,10,52,14,1,6066
5327,KDOX,2010,09,23,10,57,59,7,8583
5327,KDOX,2010,09,23,11,03,42,13,11016
5328,KDOX,2010,09,23,10,46,30,-5,2385
5328,KDOX,2010,09,23,10,52,14,1,4806
5328,KDOX,2010,09,23,10,57,59,7,5965
5328,KDOX,2010,09,23,11,03,42,13,8769
5330,KDOX,2010,09,26,10,41,37,-11,3338
5330,KDOX,2010,09,26,10,47,21,-6,5347
5330,KDOX,2010,09,26,10,53,06,0,8449
5330,KDOX,2010,09,26,10,58,52,6,10869
5330,KDOX,2010,09,26,11,04,36,12,13560
5330,KDOX,2010,09,26,11,10,20,17,15723
5330,KDOX,2010,09,26,11,16,04,23,17409
5330,KDOX,2010,09,26,11,21,49,29,21106
5330,KDOX,2010,09,26,11,27,33,35,26762
5331,KDOX,2010,09,26,10,41,37,-11,1658
5331,KDOX,2010,09,26,10,47,21,-6,3156
5331,KDOX,2010,09,26,10,53,06,0,5827
5331,KDOX,2010,09,26,10,58,52,6,5742
5332,KDOX,2010,09,26,10,41,37,-11,2103
5332,KDOX,2010,09,26,10,47,21,-6,4561
5332,KDOX,2010,09,26,10,53,06,0,5631
5332,KDOX,2010,09,26,10,58,52,6,8918
5332,KDOX,2010,09,26,11,04,36,12,10047
5332,KDOX,2010,09,26,11,10,20,17,12263
5333,KDOX,2010,09,26,10,35,53,-17,3457
5333,KDOX,2010,09,26,10,41,37,-11,5785
5333,KDOX,2010,09,26,10,47,21,-6,7891
5333,KDOX,2010,09,26,10,53,06,0,11088
5333,KDOX,2010,09,26,10,58,52,6,12554
5334,KDOX,2010,09,29,10,41,20,-15,3003
5334,KDOX,2010,09,29,10,47,06,-9,5132
5334,KDOX,2010,09,29,10,52,50,-3,9109
5334,KDOX,2010,09,29,10,58,35,3,12620
5334,KDOX,2010,09,29,11,04,20,8,14637
5334,KDOX,2010,09,29,11,10,04,14,18306
5334,KDOX,2010,09,29,11,15,49,20,21246
5334,KDOX,2010,09,29,11,21,34,26,22848
5334,KDOX,2010,09,29,11,27,19,31,24656
5334,KDOX,2010,09,29,11,33,06,37,26480
5334,KDOX,2010,09,29,11,38,50,43,27269
5334,KDOX,2010,09,29,11,44,35,49,28944
5335,KDOX,2010,09,29,10,47,06,-9,3199
5335,KDOX,2010,09,29,10,52,50,-3,4521
5335,KDOX,2010,09,29,10,58,35,3,6698
5335,KDOX,2010,09,29,11,04,20,8,8373
5336,KDOX,2010,09,29,10,41,20,-15,1244
5336,KDOX,2010,09,29,10,47,06,-9,3105
5336,KDOX,2010,09,29,10,52,50,-3,5848
5336,KDOX,2010,09,29,10,58,35,3,9126
5336,KDOX,2010,09,29,11,04,20,8,12331
5337,KDOX,2010,09,29,10,41,20,-15,1718
5337,KDOX,2010,09,29,10,47,06,-9,3776
5337,KDOX,2010,09,29,10,52,50,-3,5954
5337,KDOX,2010,09,29,10,58,35,3,7829
5338,KDOX,2010,09,29,10,47,06,-9,1154
5338,KDOX,2010,09,29,10,52,50,-3,3327
5338,KDOX,2010,09,29,10,58,35,3,6142
5338,KDOX,2010,09,29,11,04,20,8,9557
1213,KDOX,2010,10,02,10,43,09,-16,3905
1213,KDOX,2010,10,02,10,52,52,-6,8514
1213,KDOX,2010,10,02,11,02,34,4,13537
1213,KDOX,2010,10,02,11,12,17,13,18248
1213,KDOX,2010,10,02,11,22,00,23,23660
1213,KDOX,2010,10,02,11,31,43,33,27295
1213,KDOX,2010,10,02,11,41,26,42,31694
1213,KDOX,2010,10,02,11,51,09,52,32469
1214,KDOX,2010,10,02,10,43,09,-16,3017
1214,KDOX,2010,10,02,10,52,52,-6,6054
1214,KDOX,2010,10,02,11,02,34,4,10424
1215,KDOX,2010,10,02,10,43,09,-16,4108
1215,KDOX,2010,10,02,10,52,52,-6,7298
1215,KDOX,2010,10,02,11,02,34,4,11770
1215,KDOX,2010,10,02,11,12,17,13,18571
1215,KDOX,2010,10,02,11,22,00,23,19450
1216,KDOX,2010,10,02,10,52,52,-6,6824
1216,KDOX,2010,10,02,11,02,34,4,12094
1216,KDOX,2010,10,02,11,12,17,13,16991
1216,KDOX,2010,10,02,11,22,00,23,18913
1217,KDOX,2010,10,02,10,43,09,-16,1660
1217,KDOX,2010,10,02,10,52,52,-6,5795
1217,KDOX,2010,10,02,11,02,34,4,9737
1217,KDOX,2010,10,02,11,12,17,13,14152
1217,KDOX,2010,10,02,11,22,00,23,17469
1217,KDOX,2010,10,02,11,31,43,33,23861
1218,KDOX,2010,10,02,10,52,52,-6,4106
1218,KDOX,2010,10,02,11,02,34,4,10224
1218,KDOX,2010,10,02,11,12,17,13,14052
1218,KDOX,2010,10,02,11,22,00,23,14052
1218,KDOX,2010,10,02,11,31,43,33,14052
1219,KDOX,2010,10,02,11,22,00,23,10556
1219,KDOX,2010,10,02,11,31,43,33,10321
1219,KDOX,2010,10,02,11,41,26,42,14728
1220,KDOX,2010,10,02,11,02,34,4,3473
1220,KDOX,2010,10,02,11,12,17,13,9579
1221,KDOX,2010,10,02,10,43,09,-16,1969
1221,KDOX,2010,10,02,10,52,52,-6,5093
1221,KDOX,2010,10,02,11,02,34,4,8509
1221,KDOX,2010,10,02,11,12,17,13,10053
1221,KDOX,2010,10,02,11,22,00,23,10961
1222,KDOX,2010,10,03,10,48,25,-12,4037
1222,KDOX,2010,10,03,10,54,11,-6,6964
1222,KDOX,2010,10,03,10,59,56,0,10581
1222,KDOX,2010,10,03,11,05,42,6,14632
1222,KDOX,2010,10,03,11,11,28,11,16764
1222,KDOX,2010,10,03,11,17,13,17,20446
1222,KDOX,2010,10,03,11,22,58,23,23580
1222,KDOX,2010,10,03,11,28,44,29,28319
1222,KDOX,2010,10,03,11,34,29,34,32309
1222,KDOX,2010,10,03,11,40,15,40,36214
1222,KDOX,2010,10,03,11,46,00,46,40793
1222,KDOX,2010,10,03,11,51,48,52,43714
1222,KDOX,2010,10,03,11,57,33,58,43714
1222,KDOX,2010,10,03,12,03,19,63,46220
1222,KDOX,2010,10,03,12,09,04,69,48709
1223,KDOX,2010,10,03,10,54,11,-6,3928
1223,KDOX,2010,10,03,10,59,56,0,6573
1223,KDOX,2010,10,03,11,05,42,6,8870
1224,KDOX,2010,10,03,10,48,25,-12,2448
1224,KDOX,2010,10,03,10,54,11,-6,3795
1224,KDOX,2010,10,03,10,59,56,0,6948
1224,KDOX,2010,10,03,11,05,42,6,9151
1225,KDOX,2010,10,03,10,48,25,-12,2599
1225,KDOX,2010,10,03,10,54,11,-6,4411
1225,KDOX,2010,10,03,10,59,56,0,6021
1225,KDOX,2010,10,03,11,05,42,6,6440
1225,KDOX,2010,10,03,11,11,28,11,9835
1226,KDOX,2010,10,03,10,48,25,-12,2586
1226,KDOX,2010,10,03,10,54,11,-6,3416
1226,KDOX,2010,10,03,10,59,56,0,3416
1227,KDOX,2010,10,03,10,48,25,-12,2724
1227,KDOX,2010,10,03,10,54,11,-6,3836
1227,KDOX,2010,10,03,10,59,56,0,5385
1227,KDOX,2010,10,03,11,05,42,6,6766
1227,KDOX,2010,10,03,11,11,28,11,7743
1228,KDOX,2010,10,03,10,48,25,-12,2512
1228,KDOX,2010,10,03,10,54,11,-6,4776
1228,KDOX,2010,10,03,10,59,56,0,6756
1228,KDOX,2010,10,03,11,05,42,6,7219
1228,KDOX,2010,10,03,11,11,28,11,9195
1229,KDOX,2010,10,03,10,48,25,-12,2558
1229,KDOX,2010,10,03,10,54,11,-6,4741
1229,KDOX,2010,10,03,10,59,56,0,9004
1229,KDOX,2010,10,03,11,05,42,6,9314
1229,KDOX,2010,10,03,11,11,28,11,11323
1230,KDOX,2010,10,03,10,48,25,-12,4394
1230,KDOX,2010,10,03,10,54,11,-6,6699
1230,KDOX,2010,10,03,10,59,56,0,10357
1230,KDOX,2010,10,03,11,05,42,6,9901
1230,KDOX,2010,10,03,11,11,28,11,10018
1231,KDOX,2010,10,05,10,58,02,-4,1841
1231,KDOX,2010,10,05,11,07,45,6,4648
1231,KDOX,2010,10,05,11,17,28,15,9059
1232,KDOX,2010,10,05,11,07,45,6,4585
1232,KDOX,2010,10,05,11,17,28,15,7513
1233,KDOX,2010,10,06,10,56,58,-6,4524
1233,KDOX,2010,10,06,11,06,41,4,9011
1233,KDOX,2010,10,06,11,16,23,13,11065
1234,KDOX,2010,10,06,10,56,58,-6,3284
1234,KDOX,2010,10,06,11,06,41,4,7610
1235,KDOX,2010,10,06,10,56,58,-6,4223
1235,KDOX,2010,10,06,11,06,41,4,9427
1236,KDOX,2010,10,06,10,56,58,-6,4850
1236,KDOX,2010,10,06,11,06,41,4,6687
1237,KDOX,2010,10,06,10,56,58,-6,5058
1237,KDOX,2010,10,06,11,06,41,4,10015
1237,KDOX,2010,10,06,11,16,23,13,15253
1238,KDOX,2010,10,07,10,53,36,-10,3983
1238,KDOX,2010,10,07,11,03,18,-1,9537
1239,KDOX,2010,10,07,10,53,36,-10,4468
1239,KDOX,2010,10,07,11,03,18,-1,11083
1239,KDOX,2010,10,07,11,13,01,9,14770
1240,KDOX,2010,10,07,10,53,36,-10,2489
1240,KDOX,2010,10,07,11,03,18,-1,3344
1241,KDOX,2010,10,08,10,53,35,-10,4666
1241,KDOX,2010,10,08,11,03,17,-1,9881
1241,KDOX,2010,10,08,11,09,04,5,14948
1241,KDOX,2010,10,08,11,14,50,11,17823
1242,KDOX,2010,10,08,10,53,35,-10,4150
1242,KDOX,2010,10,08,11,03,17,-1,9405
1242,KDOX,2010,10,08,11,09,04,5,12543
1242,KDOX,2010,10,08,11,14,50,11,17536
1242,KDOX,2010,10,08,11,20,37,17,18457
1243,KDOX,2010,10,08,10,53,35,-10,3250
1243,KDOX,2010,10,08,11,03,17,-1,6547
1243,KDOX,2010,10,08,11,09,04,5,10341
1243,KDOX,2010,10,08,11,14,50,11,12351
1243,KDOX,2010,10,08,11,20,37,17,14501
1244,KDOX,2010,10,08,10,53,35,-10,2626
1244,KDOX,2010,10,08,11,03,17,-1,7671
1244,KDOX,2010,10,08,11,09,04,5,11511
1244,KDOX,2010,10,08,11,14,50,11,13885
1244,KDOX,2010,10,08,11,20,37,17,13934
1245,KDOX,2010,10,08,10,53,35,-10,4406
1245,KDOX,2010,10,08,11,03,17,-1,7868
1245,KDOX,2010,10,08,11,09,04,5,9729
1246,KDOX,2010,10,08,10,53,35,-10,4766
1246,KDOX,2010,10,08,11,03,17,-1,9154
1246,KDOX,2010,10,08,11,09,04,5,12762
1246,KDOX,2010,10,08,11,14,50,11,18287
1246,KDOX,2010,10,08,11,20,37,17,21913
1247,KDOX,2010,10,08,11,03,17,-1,10991
1247,KDOX,2010,10,08,11,09,04,5,15801
1247,KDOX,2010,10,08,11,14,50,11,20764
1247,KDOX,2010,10,08,11,20,37,17,21366
1247,KDOX,2010,10,08,11,26,23,22,25939
1247,KDOX,2010,10,08,11,32,09,28,30286
1248,KDOX,2010,10,09,11,06,08,1,10358
1248,KDOX,2010,10,09,11,11,53,7,13665
1248,KDOX,2010,10,09,11,17,40,13,16204
1248,KDOX,2010,10,09,11,23,25,18,19124
1248,KDOX,2010,10,09,11,29,10,24,25260
1249,KDOX,2010,10,09,10,54,36,-10,2438
1249,KDOX,2010,10,09,11,00,22,-5,3182
1249,KDOX,2010,10,09,11,06,08,1,5478
1249,KDOX,2010,10,09,11,11,53,7,6820
1250,KDOX,2010,10,09,10,48,51,-16,1708
1250,KDOX,2010,10,09,10,54,36,-10,2524
1250,KDOX,2010,10,09,11,00,22,-5,3891
1250,KDOX,2010,10,09,11,06,08,1,6837
1250,KDOX,2010,10,09,11,11,53,7,10197
1251,KDOX,2010,10,10,10,48,15,-18,1575
1251,KDOX,2010,10,10,10,57,57,-8,4800
1251,KDOX,2010,10,10,11,07,38,2,7203
1251,KDOX,2010,10,10,11,13,23,7,10631
1251,KDOX,2010,10,10,11,19,09,13,13434
1251,KDOX,2010,10,10,11,24,55,19,17597
1251,KDOX,2010,10,10,11,30,40,25,19973
1252,KDOX,2010,10,10,10,57,57,-8,4639
1252,KDOX,2010,10,10,11,07,38,2,9042
1252,KDOX,2010,10,10,11,13,23,7,13465
1252,KDOX,2010,10,10,11,19,09,13,15273
1253,KDOX,2010,10,10,10,48,15,-18,1405
1253,KDOX,2010,10,10,10,57,57,-8,5281
1253,KDOX,2010,10,10,11,07,38,2,9481
1254,KDOX,2010,10,11,10,53,34,-13,2799
1254,KDOX,2010,10,11,10,59,18,-8,4542
1254,KDOX,2010,10,11,11,05,03,-2,8067
1254,KDOX,2010,10,11,11,10,47,4,8318
1255,KDOX,2010,10,12,10,58,13,-10,3196
1255,KDOX,2010,10,12,11,03,58,-4,4365
1255,KDOX,2010,10,12,11,09,42,2,6547
1255,KDOX,2010,10,12,11,15,26,7,8686
1256,KDOX,2010,10,12,10,58,13,-10,2564
1256,KDOX,2010,10,12,11,03,58,-4,5171
1256,KDOX,2010,10,12,11,09,42,2,5941
1257,KDOX,2010,10,13,10,55,33,-13,3225
1257,KDOX,2010,10,13,11,01,18,-8,7487
1257,KDOX,2010,10,13,11,07,03,-2,11042
1257,KDOX,2010,10,13,11,12,48,4,14437
1257,KDOX,2010,10,13,11,18,32,10,18455
1257,KDOX,2010,10,13,11,24,16,15,18693
1257,KDOX,2010,10,13,11,30,01,21,23386
1257,KDOX,2010,10,13,11,35,45,27,26691
1258,KDOX,2010,10,13,10,55,33,-13,1009
1258,KDOX,2010,10,13,11,01,18,-8,3805
1258,KDOX,2010,10,13,11,07,03,-2,8646
1258,KDOX,2010,10,13,11,12,48,4,10698
1258,KDOX,2010,10,13,11,18,32,10,12951
1259,KDOX,2010,10,13,10,55,33,-13,1345
1259,KDOX,2010,10,13,11,01,18,-8,3963
1259,KDOX,2010,10,13,11,07,03,-2,7327
1259,KDOX,2010,10,13,11,12,48,4,8223
1259,KDOX,2010,10,13,11,18,32,10,9347
1260,KDOX,2010,10,14,10,55,04,-15,2329
1260,KDOX,2010,10,14,11,00,49,-9,5624
1260,KDOX,2010,10,14,11,06,37,-3,7348
1260,KDOX,2010,10,14,11,12,23,2,10430
1260,KDOX,2010,10,14,11,18,09,8,12113
1261,KDOX,2010,10,14,10,55,04,-15,2489
1261,KDOX,2010,10,14,11,00,49,-9,3557
1261,KDOX,2010,10,14,11,06,37,-3,5878
1261,KDOX,2010,10,14,11,12,23,2,8543
1262,KDOX,2010,10,16,11,09,14,-3,6704
1262,KDOX,2010,10,16,11,18,58,7,8770
1262,KDOX,2010,10,16,11,28,41,17,11382
1262,KDOX,2010,10,16,11,38,24,26,13600
1263,KDOX,2010,10,17,11,01,25,-12,3401
1264,KDOX,2010,10,17,11,01,25,-12,2360
1264,KDOX,2010,10,17,11,07,12,-6,3174
1265,KDOX,2010,10,18,11,04,53,-9,5087
1265,KDOX,2010,10,18,11,14,36,1,9878
1265,KDOX,2010,10,18,11,24,18,10,11939
1265,KDOX,2010,10,18,11,34,01,20,17726
1266,KDOX,2010,10,18,11,04,53,-9,6462
1266,KDOX,2010,10,18,11,14,36,1,10238
1267,KDOX,2010,10,18,11,04,53,-9,3151
1267,KDOX,2010,10,18,11,14,36,1,7836
1268,KDOX,2010,10,18,11,04,53,-9,5037
1268,KDOX,2010,10,18,11,14,36,1,8541
1269,KDOX,2010,10,18,11,04,53,-9,6589
1269,KDOX,2010,10,18,11,14,36,1,9746
1270,KDOX,2010,10,18,11,04,53,-9,6474
1270,KDOX,2010,10,18,11,14,36,1,9970
1270,KDOX,2010,10,18,11,24,18,10,12519
1271,KDOX,2010,10,18,11,04,53,-9,4889
1271,KDOX,2010,10,18,11,14,36,1,7151
1272,KDOX,2010,10,19,11,11,07,-4,4598
1272,KDOX,2010,10,19,11,16,53,2,9705
1272,KDOX,2010,10,19,11,22,38,8,12861
1272,KDOX,2010,10,19,11,28,24,13,14071
1272,KDOX,2010,10,19,11,34,09,19,17890
1272,KDOX,2010,10,19,11,39,55,25,20309
1272,KDOX,2010,10,19,11,45,40,31,23522
1273,KDOX,2010,10,19,11,11,07,-4,4783
1273,KDOX,2010,10,19,11,16,53,2,7857
1273,KDOX,2010,10,19,11,22,38,8,10201
1273,KDOX,2010,10,19,11,28,24,13,12138
1274,KDOX,2010,10,20,11,08,39,-7,5060
1274,KDOX,2010,10,20,11,14,25,-2,8201
1274,KDOX,2010,10,20,11,20,11,4,11007
1274,KDOX,2010,10,20,11,25,57,10,14296
1275,KDOX,2010,10,22,11,04,36,-13,2570
1275,KDOX,2010,10,22,11,14,19,-4,5236
1276,KDOX,2010,10,22,11,04,36,-13,2019
1276,KDOX,2010,10,22,11,14,19,-4,2767
1277,KDOX,2010,10,22,11,04,36,-13,3888
1277,KDOX,2010,10,22,11,14,19,-4,3888
1277,KDOX,2010,10,22,11,24,02,6,9439
1277,KDOX,2010,10,22,11,33,45,16,12200
1278,KDOX,2010,10,23,11,14,02,-5,3929
1279,KDOX,2010,10,23,11,14,02,-5,3982
1280,KDOX,2010,10,23,11,14,02,-5,4974
1280,KDOX,2010,10,23,11,23,47,5,5060
1281,KDOX,2010,10,23,11,04,18,-15,1720
1281,KDOX,2010,10,23,11,14,02,-5,3638
1282,KDOX,2010,10,25,11,12,03,-10,6156